source,group,dataset,n,capacity,algorithm,status,optimum,value,total_weight,selected_count,error_percent,runtime_ms_avg,memory_kb,repeat_times,nodes,pruned,prune_rate
FSU,fsu_correctness,p01,10,165,DP,OK,309,309,165,5,0.0000,0.0000,2,5,0,0,0.0000
FSU,fsu_correctness,p01,10,165,Backtracking,OK,309,309,165,5,0.0000,0.0000,1,1,12,6,0.5000
FSU,fsu_correctness,p01,10,165,Greedy,OK,309,309,165,5,0.0000,0.0000,1,5,0,0,0.0000
FSU,fsu_correctness,p02,5,26,DP,OK,51,51,26,3,0.0000,0.0000,1,5,0,0,0.0000
FSU,fsu_correctness,p02,5,26,Backtracking,OK,51,51,26,3,0.0000,0.0000,1,1,12,4,0.3333
FSU,fsu_correctness,p02,5,26,Greedy,OK,51,47,23,2,7.8431,0.0000,1,5,0,0,0.0000
FSU,fsu_correctness,p03,6,190,DP,OK,150,150,190,3,0.0000,0.0000,3,5,0,0,0.0000
FSU,fsu_correctness,p03,6,190,Backtracking,OK,150,150,190,3,0.0000,0.0000,1,1,20,7,0.3500
FSU,fsu_correctness,p03,6,190,Greedy,OK,150,146,179,3,2.6667,0.0000,1,5,0,0,0.0000
FSU,fsu_correctness,p04,7,50,DP,OK,107,107,50,2,0.0000,0.0000,1,5,0,0,0.0000
FSU,fsu_correctness,p04,7,50,Backtracking,OK,107,107,50,2,0.0000,0.0000,1,1,20,4,0.2000
FSU,fsu_correctness,p04,7,50,Greedy,OK,107,102,48,4,4.6729,0.0000,1,5,0,0,0.0000
FSU,fsu_correctness,p05,8,104,DP,OK,900,900,104,6,0.0000,0.0000,2,5,0,0,0.0000
FSU,fsu_correctness,p05,8,104,Backtracking,OK,900,900,104,6,0.0000,0.0000,1,1,38,12,0.3158
FSU,fsu_correctness,p05,8,104,Greedy,OK,900,858,97,7,4.6667,0.0000,1,5,0,0,0.0000
FSU,fsu_correctness,p06,7,170,DP,OK,1735,1735,169,3,0.0000,0.0000,3,5,0,0,0.0000
FSU,fsu_correctness,p06,7,170,Backtracking,OK,1735,1735,169,3,0.0000,0.0000,1,1,84,11,0.1310
FSU,fsu_correctness,p06,7,170,Greedy,OK,1735,1478,140,3,14.8127,0.0000,1,5,0,0,0.0000
FSU,fsu_correctness,p07,15,750,DP,OK,1458,1458,749,8,0.0000,0.0000,9,5,0,0,0.0000
FSU,fsu_correctness,p07,15,750,Backtracking,OK,1458,1458,749,8,0.0000,0.0000,1,1,138,28,0.2029
FSU,fsu_correctness,p07,15,750,Greedy,OK,1458,1441,740,8,1.1660,0.0000,1,5,0,0,0.0000
FSU,fsu_capacity_pressure,p08,24,6404180,DP,OK,13549094,13549094,6402560,12,0.0000,184.8352,75049,5,0,0,0.0000
FSU,fsu_capacity_pressure,p08,24,6404180,Backtracking,OK,13549094,13549094,6402560,12,0.0000,0.0000,1,1,704,130,0.1847
FSU,fsu_capacity_pressure,p08,24,6404180,Greedy,OK,13549094,13415886,6323699,14,0.9832,0.0000,1,5,0,0,0.0000
UU,uu_low,f1_l-d_kp_10_269,10,269,DP,OK,295,295,269,6,0.0000,0.0000,4,5,0,0,0.0000
UU,uu_low,f1_l-d_kp_10_269,10,269,Backtracking,OK,295,295,269,6,0.0000,0.0000,1,1,38,13,0.3421
UU,uu_low,f1_l-d_kp_10_269,10,269,Greedy,OK,295,294,260,6,0.3390,0.0000,1,5,0,0,0.0000
UU,uu_low,f2_l-d_kp_20_878,20,878,DP,OK,1024,1024,871,17,0.0000,0.0000,11,5,0,0,0.0000
UU,uu_low,f2_l-d_kp_20_878,20,878,Backtracking,OK,1024,1024,871,17,0.0000,0.0000,1,1,69,28,0.4058
UU,uu_low,f2_l-d_kp_20_878,20,878,Greedy,OK,1024,1018,837,17,0.5859,0.0000,1,5,0,0,0.0000
UU,uu_low,f5_l-d_kp_15_375,15,3750000,DP,OK,4810694,4810693,3549608,9,0.0000,70.1404,43946,5,0,0,0.0000
UU,uu_low,f5_l-d_kp_15_375,15,3750000,Backtracking,OK,4810694,4810693,3549608,9,0.0000,0.0000,1,1,25,9,0.3600
UU,uu_low,f5_l-d_kp_15_375,15,3750000,Greedy,OK,4810694,4810693,3549608,9,0.0000,0.0000,1,5,0,0,0.0000
UU,uu_low,f8_l-d_kp_23_10000,23,10000,DP,OK,9767,9767,9768,11,0.0000,0.0000,118,5,0,0,0.0000
UU,uu_low,f8_l-d_kp_23_10000,23,10000,Backtracking,OK,9767,9767,9768,11,0.0000,133.3720,1,1,4415730,715924,0.1621
UU,uu_low,f8_l-d_kp_23_10000,23,10000,Greedy,OK,9767,9751,9750,11,0.1638,0.0000,1,5,0,0,0.0000
UU,uu_low,f10_l-d_kp_20_879,20,879,DP,OK,1025,1025,871,17,0.0000,0.0000,11,5,0,0,0.0000
UU,uu_low,f10_l-d_kp_20_879,20,879,Backtracking,OK,1025,1025,871,17,0.0000,0.0000,1,1,74,30,0.4054
UU,uu_low,f10_l-d_kp_20_879,20,879,Greedy,OK,1025,1019,837,17,0.5854,0.0000,1,5,0,0,0.0000
UU,uu_large_uncorrelated,knapPI_1_100_1000_1,100,995,DP,OK,9147,9147,985,12,0.0000,0.0000,12,3,0,0,0.0000
UU,uu_large_uncorrelated,knapPI_1_100_1000_1,100,995,Backtracking,OK,9147,9147,985,12,0.0000,0.0000,3,1,303,16,0.0528
UU,uu_large_uncorrelated,knapPI_1_100_1000_1,100,995,Greedy,OK,9147,8817,908,12,3.6077,0.0000,3,3,0,0,0.0000
UU,uu_large_uncorrelated,knapPI_1_500_1000_1,500,2543,DP,OK,28857,28857,2543,42,0.0000,0.0000,30,3,0,0,0.0000
UU,uu_large_uncorrelated,knapPI_1_500_1000_1,500,2543,Backtracking,OK,28857,28857,2543,42,0.0000,0.0000,14,1,733,104,0.1419
UU,uu_large_uncorrelated,knapPI_1_500_1000_1,500,2543,Greedy,OK,28857,28834,2528,43,0.0797,0.0000,12,3,0,0,0.0000
UU,uu_large_uncorrelated,knapPI_1_1000_1000_1,1000,5002,DP,OK,54503,54503,5002,83,0.0000,3.0387,59,3,0,0,0.0000
UU,uu_large_uncorrelated,knapPI_1_1000_1000_1,1000,5002,Backtracking,OK,54503,54503,5002,83,0.0000,0.0000,28,1,1940,128,0.0660
UU,uu_large_uncorrelated,knapPI_1_1000_1000_1,1000,5002,Greedy,OK,54503,54386,4991,83,0.2147,0.0000,24,3,0,0,0.0000
UU,uu_large_weakly_correlated,knapPI_2_100_1000_1,100,995,DP,OK,1514,1514,991,9,0.0000,0.0000,12,3,0,0,0.0000
UU,uu_large_weakly_correlated,knapPI_2_100_1000_1,100,995,Backtracking,OK,1514,1514,991,9,0.0000,0.0000,3,1,1837,88,0.0479
UU,uu_large_weakly_correlated,knapPI_2_100_1000_1,100,995,Greedy,OK,1514,1487,983,10,1.7834,0.0000,3,3,0,0,0.0000
UU,uu_large_strongly_correlated,knapPI_3_100_1000_1,100,997,DP,OK,2397,2397,997,14,0.0000,0.0000,12,3,0,0,0.0000
UU,uu_large_strongly_correlated,knapPI_3_100_1000_1,100,997,Backtracking,OK,2397,2397,997,14,0.0000,0.0000,3,1,638,17,0.0266
UU,uu_large_strongly_correlated,knapPI_3_100_1000_1,100,997,Greedy,OK,2397,2375,975,14,0.9178,0.0000,3,3,0,0,0.0000
JJ,jj_hard,n_400_c_1000000_g_10_f_0.1_eps_0.0001_s_100,400,1000000,DP,OK,1004190,1004190,999999,107,0.0000,295.2270,11719,1,0,0,0.0000
JJ,jj_hard,n_400_c_1000000_g_10_f_0.1_eps_0.0001_s_100,400,1000000,Backtracking,OK,1004190,1004190,999999,108,0.0000,373.0910,11,1,9814550,178170,0.0182
JJ,jj_hard,n_400_c_1000000_g_10_f_0.1_eps_0.0001_s_100,400,1000000,Greedy,OK,1004190,1003959,999988,114,0.0230,0.0000,10,1,0,0,0.0000
JJ,jj_hard,n_600_c_1000000_g_10_f_0.1_eps_0.0001_s_100,600,1000000,DP,OK,1004855,1004855,999999,126,0.0000,427.1470,11719,1,0,0,0.0000
JJ,jj_hard,n_600_c_1000000_g_10_f_0.1_eps_0.0001_s_100,600,1000000,Backtracking,TIMEOUT,1004855,1004778,999998,142,NA,10000.4590,17,1,286440427,20688740,0.0722
JJ,jj_hard,n_600_c_1000000_g_10_f_0.1_eps_0.0001_s_100,600,1000000,Greedy,OK,1004855,1004276,999999,150,0.0576,0.0000,15,1,0,0,0.0000
JJ,jj_hard,n_800_c_1000000_g_10_f_0.1_eps_0.0001_s_100,800,1000000,DP,OK,1006050,1006050,1000000,143,0.0000,532.3660,11719,1,0,0,0.0000
JJ,jj_hard,n_800_c_1000000_g_10_f_0.1_eps_0.0001_s_100,800,1000000,Backtracking,TIMEOUT,1006050,1006039,1000000,159,NA,10000.9670,22,1,254431125,1929565,0.0076
JJ,jj_hard,n_800_c_1000000_g_10_f_0.1_eps_0.0001_s_100,800,1000000,Greedy,OK,1006050,1005962,999982,167,0.0087,0.0000,19,1,0,0,0.0000
JJ,jj_hard,n_1000_c_1000000_g_10_f_0.1_eps_0.0001_s_100,1000,1000000,DP,OK,1007293,1007293,999999,196,0.0000,656.1870,11719,1,0,0,0.0000
JJ,jj_hard,n_1000_c_1000000_g_10_f_0.1_eps_0.0001_s_100,1000,1000000,Backtracking,OK,1007293,1007293,999999,196,0.0000,56.7130,28,1,1415280,18412,0.0130
JJ,jj_hard,n_1000_c_1000000_g_10_f_0.1_eps_0.0001_s_100,1000,1000000,Greedy,OK,1007293,1007247,999988,200,0.0046,1.1170,24,1,0,0,0.0000
JJ,jj_hard,n_1200_c_1000000_g_10_f_0.1_eps_0.0001_s_100,1200,1000000,DP,OK,1009238,1009238,1000000,225,0.0000,917.6100,11719,1,0,0,0.0000
JJ,jj_hard,n_1200_c_1000000_g_10_f_0.1_eps_0.0001_s_100,1200,1000000,Backtracking,TIMEOUT,1009238,1009191,1000000,240,NA,10000.0940,33,1,262633590,4608274,0.0175
JJ,jj_hard,n_1200_c_1000000_g_10_f_0.1_eps_0.0001_s_100,1200,1000000,Greedy,OK,1009238,1008910,999982,252,0.0325,0.0000,29,1,0,0,0.0000
JJ,jj_hard_large_capacity,n_400_c_100000000_g_10_f_0.1_eps_0.0001_s_100,400,100000000,DP,SKIPPED_BY_CAPACITY,100002908,0,0,0,NA,0.0000,0,1,0,0,0.0000
JJ,jj_hard_large_capacity,n_400_c_100000000_g_10_f_0.1_eps_0.0001_s_100,400,100000000,Backtracking,TIMEOUT,100002908,99996018,99993016,117,NA,10000.2160,11,1,292280382,39090326,0.1337
JJ,jj_hard_large_capacity,n_400_c_100000000_g_10_f_0.1_eps_0.0001_s_100,400,100000000,Greedy,OK,100002908,99975788,99972744,115,0.0271,0.0000,10,1,0,0,0.0000
JJ,jj_hard_large_capacity,n_400_c_10000000000_g_10_f_0.1_eps_0.0001_s_100,400,10000000000,DP,SKIPPED_BY_CAPACITY,9999942809,0,0,0,NA,0.0000,0,1,0,0,0.0000
JJ,jj_hard_large_capacity,n_400_c_10000000000_g_10_f_0.1_eps_0.0001_s_100,400,10000000000,Backtracking,TIMEOUT,9999942809,9999882340,9999879632,118,NA,10003.3940,11,1,297939775,47669146,0.1600
JJ,jj_hard_large_capacity,n_400_c_10000000000_g_10_f_0.1_eps_0.0001_s_100,400,10000000000,Greedy,OK,9999942809,9994881847,9994879072,113,0.0506,0.0000,10,1,0,0,0.0000
